,Country_Region,Province_State,World_Bank_Name,Health_exp_pct_GDP_2016,Health_exp_public_pct_2016,Health_exp_out_of_pocket_pct_2016,Health_exp_per_capita_USD_2016,per_capita_exp_PPP_2016,External_health_exp_pct_2016,Physicians_per_1000_2009-18,Nurse_midwife_per_1000_2009-18,Specialist_surgical_per_1000_2008-18,Completeness_of_birth_reg_2009-18,Completeness_of_death_reg_2008-16
0,Afghanistan,,Afghanistan,10.2,5.1,77.4,57.2,162.8,17.5,0.3,0.3,0.0,42.3,89.30934579439251
1,Albania,,Albania,6.7,41.4,58.0,271.5,759.7,0.7,1.2,3.6,11.6,98.4,53.0
2,Algeria,,Algeria,6.6,67.7,30.9,260.4,998.2,0.0,1.8,2.2,12.1,100.0,89.30934579439251
3,Andorra,,Andorra,10.4,49.1,41.7,3834.7,4978.7,9.116766467065869,3.3,4.0,83.1,100.0,80.0
4,Angola,,Angola,2.9,44.1,35.2,95.2,185.8,3.6,0.2,1.3,37.937142857142874,25.0,89.30934579439251
5,Antigua and Barbuda,,Antigua and Barbuda,4.3,60.6,32.2,623.1,976.4,0.0,2.8,3.1,14.0,84.20245398773007,79.0
6,Argentina,,Argentina,7.5,74.4,15.8,955.2,1531.0,0.6,4.0,2.6,50.1,100.0,100.0
7,Armenia,,Armenia,9.9,16.5,80.6,358.8,876.9,1.7,2.9,5.6,86.7,99.3,76.0
8,Australia,,Australia,9.3,68.3,18.9,5002.4,4529.9,0.0,3.6,12.7,45.1,100.0,100.0
9,Austria,,Austria,10.4,72.5,18.9,4688.3,5295.2,9.116766467065869,5.1,8.2,109.9,100.0,100.0
10,Azerbaijan,,Azerbaijan,6.9,20.0,78.9,268.2,1193.1,0.4,3.4,7.0,67.6,84.20245398773007,89.30934579439251
11,Bahamas,,"Bahamas, The",6.4,49.9,27.7,1835.2,1435.6,0.4,1.9,3.1,37.937142857142874,84.20245398773007,93.0
12,Bahrain,,Bahrain,4.9,61.4,28.0,1099.4,1866.3,0.0,0.9,2.5,14.4,84.20245398773007,88.0
13,Bangladesh,,Bangladesh,2.4,18.0,71.9,34.2,90.6,7.6,0.5,0.3,2.9,20.2,89.30934579439251
14,Barbados,,Barbados,7.0,45.9,45.2,1163.8,1323.0,1.7,2.5,6.0,17.2,99.0,100.0
15,Belarus,,Belarus,6.3,61.4,35.8,318.0,1151.4,0.2,4.1,11.4,124.2,100.0,100.0
16,Belgium,,Belgium,10.0,84.1,15.9,4149.4,4667.9,0.0,3.3,11.1,89.8,100.0,100.0
17,Belize,,Belize,6.1,66.3,22.9,303.6,541.4,3.8,1.1,1.7,10.5,96.0,100.0
18,Benin,,Benin,3.9,20.5,43.5,30.4,83.5,30.5,0.2,0.6,1.9,85.6,89.30934579439251
19,Bhutan,,Bhutan,3.5,74.0,20.1,91.3,293.1,4.8,0.4,1.5,2.9,100.0,89.30934579439251
20,Bolivia,,Bolivia,6.9,65.7,28.0,213.0,496.3,3.2,1.6,0.7,33.9,92.0,89.30934579439251
21,Bosnia and Herzegovina,,Bosnia and Herzegovina,9.2,70.8,28.7,443.8,1123.4,0.2,2.0,6.3,32.3,84.20245398773007,89.0
22,Botswana,,Botswana,5.5,55.9,5.2,379.9,931.3,6.7,0.4,3.3,3.6,88.0,89.30934579439251
23,Brazil,,Brazil,11.8,33.2,43.6,1015.9,1777.5,0.1,2.1,9.7,55.5,96.0,93.0
24,Brunei,,Brunei Darussalam,2.3,94.9,5.1,630.6,1812.4,0.0,1.8,6.6,37.937142857142874,84.20245398773007,89.0
25,Bulgaria,,Bulgaria,8.2,50.6,48.0,612.5,1577.9,9.116766467065869,4.0,5.3,112.7,100.0,100.0
26,Burkina Faso,,Burkina Faso,6.8,40.1,31.4,40.9,115.6,23.5,0.1,0.6,0.6,76.9,89.30934579439251
27,Burundi,,Burundi,6.2,29.1,30.5,18.5,50.3,38.6,0.1,0.7,0.4,83.5,89.30934579439251
28,Cabo Verde,,Cabo Verde,5.2,56.8,26.0,159.1,347.6,15.1,0.8,1.2,16.0,91.0,89.30934579439251
29,Cambodia,,Cambodia,6.1,21.8,58.6,77.7,228.6,18.9,0.2,1.0,4.2,73.3,89.30934579439251
30,Cameroon,,Cameroon,4.7,13.3,69.5,64.5,169.3,9.3,0.1,0.9,1.2,66.0,89.30934579439251
31,Canada,,Canada,10.5,73.4,14.6,4458.2,4718.3,9.116766467065869,2.6,9.9,43.9,100.0,100.0
32,United Kingdom,Cayman Islands,Cayman Islands,6.715053763440857,52.91505376344087,32.66182795698924,1037.0048387096776,1412.466666666667,9.116766467065869,1.7232804232804229,4.139153439153439,156.8,84.20245398773007,89.30934579439251
33,Central African Republic,,Central African Republic,4.3,14.9,43.1,16.4,29.9,40.9,0.1,0.2,0.4,61.0,89.30934579439251
34,Chad,,Chad,4.5,18.9,61.2,31.7,95.0,14.6,0.0,0.4,0.3,12.0,89.30934579439251
35,United Kingdom,Channel Islands,Channel Islands,6.715053763440857,52.91505376344087,32.66182795698924,1037.0048387096776,1412.466666666667,9.116766467065869,1.7232804232804229,4.139153439153439,38.7,84.20245398773007,89.30934579439251
36,Chile,,Chile,8.5,58.5,34.8,1190.5,2002.0,0.0,1.1,0.9,59.3,99.0,100.0
37,China,,China,5.0,58.0,35.9,398.3,761.5,0.0,1.8,2.3,40.1,84.20245398773007,4.0
38,China,Hong Kong,"Hong Kong SAR, China",6.715053763440857,52.91505376344087,32.66182795698924,1037.0048387096776,1412.466666666667,9.116766467065869,1.7232804232804229,4.139153439153439,27.8,84.20245398773007,89.30934579439251
39,China,Macau,"Macao SAR, China",6.715053763440857,52.91505376344087,32.66182795698924,1037.0048387096776,1412.466666666667,9.116766467065869,1.7232804232804229,4.139153439153439,37.937142857142874,84.20245398773007,89.30934579439251
40,Colombia,,Colombia,5.9,62.3,20.2,340.4,829.8,2.1,2.1,1.3,22.7,96.8,98.0
41,Comoros,,Comoros,7.6,14.6,73.1,59.0,115.8,10.8,0.2,0.9,37.937142857142874,87.3,89.30934579439251
42,Congo (Kinshasa),,"Congo, Dem. Rep.",3.9,12.3,37.4,20.5,34.5,43.4,0.1,0.5,0.2,24.6,89.30934579439251
43,Congo (Brazzaville),,"Congo, Rep.",4.6,42.3,49.7,70.4,263.3,3.3,0.1,1.7,0.2,96.0,89.30934579439251
44,Costa Rica,,Costa Rica,7.6,74.8,22.1,888.9,1248.5,0.3,1.1,0.8,25.5,100.0,91.0
45,Cote d'Ivoire,,Cote d'Ivoire,4.4,25.8,40.1,67.6,162.6,15.0,0.2,0.9,2.8,72.0,89.30934579439251
46,Croatia,,Croatia,7.2,78.2,15.4,884.5,1705.2,9.116766467065869,3.0,8.1,81.2,100.0,100.0
47,Cuba,,Cuba,12.2,89.6,10.3,970.6,2457.7,0.1,8.2,7.8,100.9,100.0,98.0
48,Cyprus,,Cyprus,6.9,42.2,44.9,1634.4,2270.8,1.2,2.0,5.3,84.4,100.0,86.0
49,Czechia,,Czech Republic,7.1,81.9,15.0,1321.6,2484.6,9.116766467065869,4.3,8.4,124.5,100.0,100.0
50,Denmark,,Denmark,10.4,84.1,13.7,5565.6,5093.0,9.116766467065869,4.5,10.3,69.0,100.0,98.0
51,Djibouti,,Djibouti,3.5,45.8,25.8,70.2,122.1,27.8,0.2,0.5,4.4,84.20245398773007,89.30934579439251
52,Dominica,,Dominica,5.3,64.3,29.1,419.4,580.7,5.4,1.1,5.9,11.3,84.20245398773007,100.0
53,Dominican Republic,,Dominican Republic,6.2,45.7,44.6,414.2,936.8,0.6,1.6,0.3,37.937142857142874,88.0,56.9
54,Ecuador,,Ecuador,8.4,51.2,40.5,504.8,942.9,0.4,2.1,1.2,59.4,82.0,80.0
55,Egypt,,"Egypt, Arab Rep.",4.6,29.3,62.0,131.0,516.3,1.0,0.8,1.4,50.1,99.4,95.0
56,El Salvador,,El Salvador,7.0,64.5,27.2,293.9,599.5,2.3,1.6,2.3,22.3,99.0,78.0
57,Equatorial Guinea,,Equatorial Guinea,3.4,23.5,72.8,281.4,838.7,1.2,0.4,0.5,37.937142857142874,54.0,89.30934579439251
58,Eritrea,,Eritrea,3.0,29.2,59.1,29.9,55.3,11.7,1.7232804232804229,4.139153439153439,0.4,84.20245398773007,89.30934579439251
59,Estonia,,Estonia,6.7,75.4,22.7,1185.3,1987.7,0.2,3.5,6.5,65.0,100.0,100.0
60,Eswatini,,Eswatini,7.7,69.3,9.9,220.6,663.3,13.8,0.1,2.0,0.2,54.0,89.30934579439251
61,Ethiopia,,Ethiopia,4.0,27.6,37.4,27.5,69.5,15.3,0.1,0.8,0.5,2.7,89.30934579439251
62,Denmark,Faroe Islands,Faroe Islands,6.715053763440857,52.91505376344087,32.66182795698924,1037.0048387096776,1412.466666666667,9.116766467065869,1.7232804232804229,4.139153439153439,37.937142857142874,84.20245398773007,89.30934579439251
63,Fiji,,Fiji,3.5,63.9,20.6,179.9,313.2,3.1,0.8,2.9,5.4,84.20245398773007,100.0
64,Finland,,Finland,9.5,77.4,20.4,4117.3,4112.1,0.0,3.8,14.7,76.3,100.0,100.0
65,France,,France,11.5,82.9,9.8,4263.4,4782.3,0.0,3.2,9.7,58.6,100.0,100.0
66,France,French Polynesia,French Polynesia,6.715053763440857,52.91505376344087,32.66182795698924,1037.0048387096776,1412.466666666667,9.116766467065869,1.7232804232804229,4.139153439153439,32.6,84.20245398773007,89.30934579439251
67,Gabon,,Gabon,3.1,64.6,22.5,220.4,555.6,0.9,0.4,2.6,37.937142857142874,89.6,89.30934579439251
68,Gambia,,"Gambia, The",4.4,18.6,23.6,20.9,74.3,43.8,0.1,1.6,1.8,72.0,89.30934579439251
69,Georgia,,Georgia,8.4,36.6,55.6,308.0,797.2,2.3,5.1,4.1,130.4,100.0,98.0
70,Germany,,Germany,11.1,84.7,12.4,4714.3,5463.3,9.116766467065869,4.2,13.2,108.0,100.0,100.0
71,Ghana,,Ghana,4.4,38.4,37.8,67.5,189.4,12.8,0.2,1.2,37.937142857142874,70.5,89.30934579439251
72,Greece,,Greece,8.5,60.7,34.3,1510.7,2261.2,0.3,4.6,3.4,163.5,100.0,100.0
73,Denmark,Greenland,Greenland,6.715053763440857,52.91505376344087,32.66182795698924,1037.0048387096776,1412.466666666667,9.116766467065869,1.7232804232804229,4.139153439153439,37.937142857142874,84.20245398773007,89.30934579439251
74,Grenada,,Grenada,5.2,41.3,57.8,516.4,745.1,0.9,1.4,3.1,12.6,84.20245398773007,100.0
75,US,Guam,Guam,6.715053763440857,52.91505376344087,32.66182795698924,1037.0048387096776,1412.466666666667,9.116766467065869,1.7232804232804229,4.139153439153439,37.937142857142874,84.20245398773007,89.30934579439251
76,Guatemala,,Guatemala,5.8,37.2,53.3,241.4,462.4,0.9,0.4,0.9,3.4,96.0,92.0
77,Guinea,,Guinea,5.5,12.3,49.8,37.5,107.7,27.2,0.1,0.4,37.937142857142874,62.0,89.30934579439251
78,Guinea-Bissau,,Guinea-Bissau,6.1,44.3,35.4,39.1,98.0,20.3,0.2,1.4,37.937142857142874,24.0,89.30934579439251
79,Guyana,,Guyana,4.2,58.9,35.1,192.3,332.7,5.9,0.8,1.3,8.8,89.0,81.0
80,Haiti,,Haiti,5.4,15.3,41.7,37.7,95.4,38.4,0.2,0.7,5.9,84.8,89.30934579439251
81,Honduras,,Honduras,8.4,45.9,45.0,199.6,400.3,3.1,0.3,0.9,13.7,93.6,17.0
82,Hungary,,Hungary,7.4,65.9,29.7,942.6,1963.2,0.0,3.2,6.6,55.7,100.0,100.0
83,Iceland,,Iceland,8.3,81.5,16.9,5063.6,4245.1,0.0,4.0,15.7,101.6,100.0,100.0
84,India,,India,3.7,25.4,64.6,62.7,241.5,1.0,0.8,2.1,6.8,79.7,89.30934579439251
85,Indonesia,,Indonesia,3.1,44.7,37.3,111.6,362.7,0.4,0.4,2.1,37.937142857142874,72.0,89.30934579439251
86,Iran,,"Iran, Islamic Rep.",8.1,54.5,38.8,415.4,1563.8,0.0,1.1,1.9,5.0,99.0,89.30934579439251
87,Iraq,,Iraq,3.3,21.1,78.5,152.6,493.7,0.4,0.8,1.7,7.6,99.0,65.0
88,Ireland,,Ireland,7.4,72.1,13.0,4758.6,5299.7,0.0,3.1,14.3,72.0,100.0,100.0
89,United Kingdom,Isle of Man,Isle of Man,6.715053763440857,52.91505376344087,32.66182795698924,1037.0048387096776,1412.466666666667,9.116766467065869,1.4,2.3,52.4,85.4,89.30934579439251
90,Israel,,Israel,7.3,62.5,23.0,2837.1,2843.0,1.5,3.2,5.2,75.6,100.0,100.0
91,Italy,,Italy,8.9,74.5,23.1,2738.7,3427.3,9.116766467065869,4.1,5.9,142.4,100.0,100.0
92,Jamaica,,Jamaica,6.1,60.6,22.4,296.2,535.7,1.2,1.3,1.1,11.2,98.0,89.30934579439251
93,Japan,,Japan,10.9,83.6,13.5,4233.0,4592.4,0.0,2.4,11.5,37.4,100.0,100.0
94,Jordan,,Jordan,5.5,63.2,28.0,223.5,494.8,5.7,2.3,3.4,24.5,98.0,65.0
95,Kazakhstan,,Kazakhstan,3.5,58.8,35.6,262.0,858.8,1.2,3.3,8.5,73.2,100.0,91.0
96,Kenya,,Kenya,4.5,36.2,27.7,66.2,143.5,19.5,0.2,1.5,2.4,66.9,89.30934579439251
97,,,Kiribati,11.9,79.6,0.1,188.0,249.8,17.0,0.2,4.8,8.2,94.0,89.30934579439251
98,,,"Korea, Dem. People's Rep.",6.715053763440857,52.91505376344087,32.66182795698924,1037.0048387096776,1412.466666666667,9.116766467065869,3.7,4.4,37.937142857142874,100.0,89.30934579439251
99,"Korea, South",,"Korea, Rep.",7.3,59.2,33.3,2043.9,2711.7,0.0,2.4,7.0,49.6,84.20245398773007,99.0
100,,,Kosovo,6.715053763440857,52.91505376344087,32.66182795698924,1037.0048387096776,1412.466666666667,9.116766467065869,1.7232804232804229,4.139153439153439,27.7,84.20245398773007,89.30934579439251
101,Kuwait,,Kuwait,3.9,83.9,16.1,1068.3,2899.3,0.0,2.6,7.0,37.937142857142874,84.20245398773007,95.0
102,Kyrgyzstan,,Kyrgyz Republic,6.6,39.1,57.6,72.9,240.2,3.3,1.9,6.4,50.1,98.0,96.0
103,Laos,,Lao PDR,2.4,32.4,46.4,55.2,154.6,18.1,0.5,1.0,3.7,73.0,89.30934579439251
104,Latvia,,Latvia,6.2,54.6,44.6,874.2,1589.7,0.0,3.2,4.8,67.6,100.0,100.0
105,Lebanon,,Lebanon,8.0,52.1,32.1,662.1,1147.4,0.8,2.3,2.6,87.4,100.0,89.30934579439251
106,,,Lesotho,8.1,63.8,18.9,85.5,242.7,17.3,0.1,0.7,0.6,43.3,89.30934579439251
107,Liberia,,Liberia,9.6,14.2,47.3,68.3,133.1,30.1,0.0,0.1,0.6,24.6,89.30934579439251
108,Libya,,Libya,6.715053763440857,52.91505376344087,32.66182795698924,1037.0048387096776,1412.466666666667,9.116766467065869,2.2,6.7,37.937142857142874,84.20245398773007,89.30934579439251
109,Liechtenstein,,Liechtenstein,6.715053763440857,52.91505376344087,32.66182795698924,1037.0048387096776,1412.466666666667,9.116766467065869,1.7232804232804229,4.139153439153439,71.9,100.0,89.30934579439251
110,Lithuania,,Lithuania,6.7,65.6,32.3,987.9,1978.3,1.0,4.3,7.9,130.9,100.0,100.0
111,Luxembourg,,Luxembourg,6.2,81.2,11.2,6271.4,6374.2,1.2,3.0,12.3,80.8,100.0,100.0
112,Madagascar,,Madagascar,6.0,47.7,22.4,24.1,90.4,25.1,0.2,0.1,0.8,83.0,89.30934579439251
113,,,Malawi,9.8,28.0,11.4,29.6,115.2,53.8,0.0,0.3,0.4,67.2,89.30934579439251
114,Malaysia,,Malaysia,3.8,50.5,37.6,361.5,1052.5,0.0,1.5,4.1,11.4,84.20245398773007,56.0
115,Maldives,,Maldives,10.6,72.6,19.1,1047.8,1628.5,0.5,1.0,4.0,4.8,98.8,84.0
116,Mali,,Mali,3.8,31.6,35.3,29.8,81.2,32.2,0.1,0.4,1.1,86.7,89.30934579439251
117,Malta,,Malta,9.3,63.1,34.8,2327.8,3511.1,0.0,3.8,9.0,113.5,100.0,99.9
118,,,Marshall Islands,23.3,52.6,9.0,851.3,934.4,35.4,0.5,3.5,15.9,84.0,89.30934579439251
119,Mauritania,,Mauritania,4.2,36.7,50.9,46.8,163.9,8.2,0.2,1.0,37.937142857142874,66.0,89.30934579439251
120,Mauritius,,Mauritius,5.7,44.1,48.2,553.1,1206.7,0.2,2.0,3.4,17.6,84.20245398773007,100.0
121,Mexico,,Mexico,5.5,52.1,40.4,461.8,971.8,9.116766467065869,2.2,2.9,37.937142857142874,95.0,99.0
122,,,"Micronesia, Fed. Sts.",12.6,27.8,2.6,386.7,431.6,69.2,0.2,3.3,7.0,84.20245398773007,89.30934579439251
123,Moldova,,Moldova,9.0,48.8,46.3,171.2,480.4,3.7,3.2,4.5,86.1,100.0,90.0
124,Monaco,,Monaco,1.7,79.6,7.1,2939.8,3019.1,9.116766467065869,6.6,20.3,195.6,100.0,80.0
125,Mongolia,,Mongolia,3.8,56.7,35.9,140.7,466.7,3.9,2.9,4.0,45.0,99.0,92.0
126,Montenegro,,Montenegro,7.6,75.0,24.1,531.7,1333.9,0.4,2.3,5.7,64.1,99.0,100.0
127,Morocco,,Morocco,5.8,46.9,48.6,171.5,465.7,0.7,0.7,1.1,3.7,96.0,24.3
128,Mozambique,,Mozambique,5.1,53.3,7.7,19.2,61.6,38.1,0.1,0.4,0.5,55.0,89.30934579439251
129,,,Myanmar,5.1,20.1,74.0,62.1,291.1,5.9,0.9,1.0,2.4,81.3,89.30934579439251
130,Namibia,,Namibia,9.1,61.9,7.7,402.8,969.3,7.0,0.4,2.8,6.1,78.0,89.30934579439251
131,Nepal,,Nepal,6.3,18.6,55.4,45.5,156.0,11.7,0.7,2.7,3.0,56.2,89.30934579439251
132,Netherlands,,Netherlands,10.4,81.0,11.5,4742.0,5251.2,0.0,3.5,11.1,49.0,100.0,100.0
133,France,New Caledonia,New Caledonia,6.715053763440857,52.91505376344087,32.66182795698924,1037.0048387096776,1412.466666666667,9.116766467065869,1.7232804232804229,4.139153439153439,37.937142857142874,84.20245398773007,89.30934579439251
134,New Zealand,,New Zealand,9.2,78.7,13.6,3745.2,3664.7,0.0,3.0,11.0,43.0,100.0,100.0
135,Nicaragua,,Nicaragua,8.7,61.3,32.2,188.2,484.5,4.6,1.0,1.6,15.5,85.0,68.0
136,Niger,,Niger,6.2,24.3,58.5,22.7,61.4,13.0,0.1,0.3,0.4,63.9,89.30934579439251
137,Nigeria,,Nigeria,3.6,13.0,75.2,79.3,213.7,9.8,0.4,1.5,1.4,47.0,89.30934579439251
138,North Macedonia,,North Macedonia,6.3,63.6,35.4,327.8,934.6,0.7,2.9,3.8,61.2,100.0,100.0
139,,,Northern Mariana Islands,6.715053763440857,52.91505376344087,32.66182795698924,1037.0048387096776,1412.466666666667,9.116766467065869,1.7232804232804229,4.139153439153439,37.937142857142874,84.20245398773007,89.30934579439251
140,Norway,,Norway,10.5,85.1,14.5,7477.9,6203.5,0.0,4.6,18.1,67.2,100.0,100.0
141,Oman,,Oman,4.3,89.1,5.9,648.3,2826.8,0.0,2.0,4.3,30.5,100.0,87.0
142,Pakistan,,Pakistan,2.8,27.9,65.2,39.6,144.1,4.1,1.0,0.5,5.5,42.2,89.30934579439251
143,,,Palau,11.7,59.8,14.5,1674.1,1891.9,15.4,1.2,5.3,37.937142857142874,84.20245398773007,89.30934579439251
144,Panama,,Panama,7.3,65.6,27.4,1040.7,1750.3,0.7,1.6,1.4,26.2,96.0,90.0
145,Papua New Guinea,,Papua New Guinea,2.0,70.0,7.9,55.2,92.3,22.1,0.1,0.5,2.3,84.20245398773007,89.30934579439251
146,Paraguay,,Paraguay,8.0,51.6,37.9,327.2,767.8,0.0,1.4,1.2,20.5,69.0,81.0
147,Peru,,Peru,5.1,64.1,28.3,316.4,681.0,0.3,1.3,1.4,42.9,98.0,69.0
148,Philippines,,Philippines,4.4,31.5,53.9,129.4,342.3,2.2,1.3,0.2,9.6,91.8,90.0
149,Poland,,Poland,6.5,69.7,22.9,809.0,1784.4,0.2,2.4,5.7,67.9,100.0,100.0
150,Portugal,,Portugal,9.1,66.4,27.8,1800.9,2778.4,9.116766467065869,3.3,6.4,86.1,100.0,100.0
151,US,Puerto Rico,Puerto Rico,6.715053763440857,52.91505376344087,32.66182795698924,1037.0048387096776,1412.466666666667,9.116766467065869,1.7232804232804229,4.139153439153439,37.937142857142874,84.20245398773007,89.30934579439251
152,Qatar,,Qatar,3.1,81.6,8.6,1827.1,3926.1,0.0,0.0,6.6,14.5,100.0,77.0
153,Romania,,Romania,5.0,78.2,20.7,476.4,1152.2,0.0,2.3,6.1,60.5,84.20245398773007,100.0
154,Russia,,Russian Federation,5.3,57.0,40.5,469.1,1329.3,9.116766467065869,4.0,8.6,63.1,100.0,100.0
155,Rwanda,,Rwanda,6.8,33.9,6.4,48.1,130.4,50.6,0.1,0.8,0.8,56.0,89.30934579439251
156,,,Samoa,5.5,76.4,11.9,227.1,352.8,10.8,0.3,1.9,1.6,59.0,89.30934579439251
157,San Marino,,San Marino,6.4,80.4,18.8,3012.8,3832.0,9.116766467065869,6.1,8.8,112.9,100.0,89.30934579439251
158,,,Sao Tome and Principe,6.0,39.9,14.4,105.1,196.9,44.6,0.3,2.3,37.937142857142874,95.0,89.30934579439251
159,Saudi Arabia,,Saudi Arabia,5.7,67.8,14.3,1147.3,3117.2,0.0,2.4,5.7,37.937142857142874,84.20245398773007,51.0
160,Senegal,,Senegal,5.5,34.6,51.8,52.6,141.7,6.2,0.1,0.3,1.1,77.4,89.30934579439251
161,Serbia,,Serbia,9.1,58.0,40.5,494.4,1322.6,0.1,3.1,6.1,86.7,99.0,90.0
162,Seychelles,,Seychelles,3.9,96.0,2.1,596.9,1122.6,1.9,0.9,3.3,48.6,84.20245398773007,100.0
163,,,Sierra Leone,16.5,11.2,41.6,86.3,244.0,41.0,0.0,1.0,0.1,81.0,89.30934579439251
164,Singapore,,Singapore,4.5,54.5,31.2,2462.4,4083.8,0.0,2.3,7.2,31.5,84.20245398773007,74.0
165,Netherlands,Sint Maarten,Sint Maarten (Dutch part),6.715053763440857,52.91505376344087,32.66182795698924,1037.0048387096776,1412.466666666667,9.116766467065869,1.7232804232804229,4.139153439153439,37.937142857142874,84.20245398773007,89.30934579439251
166,Slovakia,,Slovak Republic,7.1,79.8,17.8,1178.7,2172.2,0.0,2.5,9.2,53.9,100.0,100.0
167,Slovenia,,Slovenia,8.5,72.3,12.0,1834.2,2772.2,9.116766467065869,3.0,9.7,66.7,100.0,100.0
168,,,Solomon Islands,5.2,69.2,4.6,106.3,117.8,26.2,0.2,2.1,2.5,88.0,89.30934579439251
169,Somalia,,Somalia,6.715053763440857,52.91505376344087,32.66182795698924,1037.0048387096776,1412.466666666667,9.116766467065869,0.0,0.1,0.2,84.20245398773007,89.30934579439251
170,South Africa,,South Africa,8.1,53.7,7.8,428.2,1071.3,1.9,0.9,3.5,11.4,89.0,91.0
171,,,South Sudan,6.715053763440857,52.91505376344087,32.66182795698924,1037.0048387096776,1412.466666666667,9.116766467065869,1.7232804232804229,4.139153439153439,0.3,35.0,89.30934579439251
172,Spain,,Spain,9.0,71.2,23.8,2389.9,3259.8,9.116766467065869,4.1,5.5,79.9,100.0,100.0
173,Sri Lanka,,Sri Lanka,3.9,43.1,50.1,153.1,491.5,1.1,1.0,2.1,2.8,84.20245398773007,89.30934579439251
174,Saint Kitts and Nevis,,St. Kitts and Nevis,5.7,43.2,51.5,930.8,1479.6,0.0,2.5,4.0,33.5,84.20245398773007,79.0
175,Saint Lucia,,St. Lucia,5.3,42.0,48.7,489.8,677.4,3.7,0.1,1.6,23.6,92.0,85.0
176,France,St Martin,St. Martin (French part),6.715053763440857,52.91505376344087,32.66182795698924,1037.0048387096776,1412.466666666667,9.116766467065869,1.7232804232804229,4.139153439153439,37.937142857142874,84.20245398773007,89.30934579439251
177,Saint Vincent and the Grenadines,,St. Vincent and the Grenadines,3.6,76.8,20.5,250.2,409.1,0.6,0.7,2.6,23.6,84.20245398773007,100.0
178,Sudan,,Sudan,5.7,19.5,73.9,152.0,297.9,2.2,0.4,0.8,2.7,67.0,89.30934579439251
179,Suriname,,Suriname,6.1,69.4,21.8,356.1,907.6,1.4,1.2,4.1,37.937142857142874,99.0,100.0
180,Sweden,,Sweden,10.9,83.5,15.2,5710.6,5386.7,9.116766467065869,5.4,11.5,113.1,100.0,100.0
181,Switzerland,,Switzerland,12.2,62.8,29.6,9836.0,7867.4,9.116766467065869,4.2,17.3,94.8,100.0,100.0
182,Syria,,Syrian Arab Republic,6.715053763440857,52.91505376344087,32.66182795698924,1037.0048387096776,1412.466666666667,9.116766467065869,1.2,1.5,37.937142857142874,84.20245398773007,92.0
183,,,Tajikistan,7.0,28.6,66.1,55.7,208.5,5.1,1.7,5.2,41.7,95.8,89.30934579439251
184,Tanzania,,Tanzania,4.1,40.6,21.9,35.5,112.0,36.4,0.0,0.4,0.5,26.4,89.30934579439251
185,Thailand,,Thailand,3.7,78.1,12.1,221.9,635.0,0.2,0.8,3.0,13.1,100.0,89.30934579439251
186,Timor-Leste,,Timor-Leste,4.0,55.8,8.9,79.9,121.7,31.6,0.7,1.7,0.9,60.4,89.30934579439251
187,Togo,,Togo,6.6,20.0,50.4,38.8,99.9,20.7,0.0,0.3,0.5,78.0,89.30934579439251
188,,,Tonga,5.3,65.9,11.0,203.2,311.4,19.4,0.5,3.9,14.0,93.0,89.30934579439251
189,Trinidad and Tobago,,Trinidad and Tobago,6.5,52.8,40.1,1063.8,2180.5,0.1,2.7,3.5,30.9,97.0,85.0
190,Tunisia,,Tunisia,7.0,56.6,39.9,256.5,806.3,0.1,1.3,2.6,11.5,99.0,37.0
191,Turkey,,Turkey,4.3,78.4,16.5,468.6,1089.2,9.116766467065869,1.8,2.6,47.6,99.0,78.0
192,,,Turkmenistan,6.6,18.5,76.2,422.8,1116.9,0.2,2.2,4.6,58.8,100.0,89.30934579439251
193,,,Turks and Caicos Islands,6.715053763440857,52.91505376344087,32.66182795698924,1037.0048387096776,1412.466666666667,9.116766467065869,1.7232804232804229,4.139153439153439,37.937142857142874,84.20245398773007,89.30934579439251
194,,,Tuvalu,15.5,84.5,0.7,507.4,601.0,12.2,0.9,3.8,26.1,84.20245398773007,89.30934579439251
195,Uganda,,Uganda,6.2,16.6,40.3,37.6,117.1,40.4,0.1,0.6,1.1,32.2,89.30934579439251
196,Ukraine,,Ukraine,6.7,42.4,54.3,141.2,534.2,0.8,3.0,7.1,86.6,100.0,99.0
197,United Arab Emirates,,United Arab Emirates,3.5,72.5,18.6,1323.1,2546.2,0.0,2.4,5.6,37.937142857142874,100.0,87.0
198,United Kingdom,,United Kingdom,9.8,80.2,15.1,3958.0,4177.8,0.0,2.8,8.3,133.3,100.0,100.0
199,US,,United States,17.1,81.8,11.1,9869.7,9869.7,0.0,2.6,8.6,54.7,100.0,98.0
200,Uruguay,,Uruguay,9.1,71.7,17.4,1379.1,1958.9,0.0,5.0,1.9,38.9,100.0,99.0
201,Uzbekistan,,Uzbekistan,6.3,46.1,52.2,135.1,416.9,1.2,2.4,12.1,50.4,84.20245398773007,89.30934579439251
202,,,Vanuatu,3.7,53.9,8.4,109.8,116.1,34.6,0.2,1.4,3.2,43.0,89.30934579439251
203,Venezuela,,"Venezuela, RB",3.2,24.1,40.0,1578.4,940.0,0.0,1.7232804232804229,4.139153439153439,18.1,81.0,100.0
204,Vietnam,,Vietnam,5.7,47.4,44.6,122.8,356.3,2.3,0.8,1.4,37.937142857142874,96.0,89.30934579439251
205,US,Virgin Islands,Virgin Islands (U.S.),6.715053763440857,52.91505376344087,32.66182795698924,1037.0048387096776,1412.466666666667,9.116766467065869,1.7232804232804229,4.139153439153439,37.937142857142874,84.20245398773007,89.30934579439251
206,,,West Bank and Gaza,6.715053763440857,52.91505376344087,32.66182795698924,1037.0048387096776,1412.466666666667,9.116766467065869,1.7232804232804229,4.139153439153439,37.937142857142874,96.0,89.30934579439251
207,,,"Yemen, Rep.",5.6,10.2,81.0,72.0,144.5,7.8,0.3,0.7,0.8,30.7,89.30934579439251
208,Zambia,,Zambia,4.5,38.3,12.1,56.5,175.2,42.5,0.1,0.9,1.5,11.3,89.30934579439251
209,Zimbabwe,,Zimbabwe,9.4,46.5,21.2,93.9,185.0,25.4,0.1,1.2,1.6,38.0,89.30934579439251
